{"cameraMode":{"drawMode":0,"name":"Shaded","section":"Shading Mode"},"sceneLighting":true,"audioPlay":false,"sceneViewState":{"m_AlwaysRefresh":false,"showFog":true,"showSkybox":true,"showFlares":true,"showImageEffects":true,"showParticleSystems":true,"showVisualEffectGraphs":true,"m_FxEnabled":true},"in2DMode":false,"pivot":{"x":8.033397674560547,"y":-0.0717548131942749,"z":3.4090490341186525},"rotation":{"x":0.08410067111253739,"y":0.47757095098495486,"z":-0.04598891735076904,"w":0.8733582496643066},"size":14.444881439208985,"orthographic":false}