{"cameraMode":{"drawMode":0,"name":"Shaded","section":"Shading Mode"},"sceneLighting":true,"audioPlay":false,"sceneViewState":{"m_AlwaysRefresh":false,"showFog":true,"showSkybox":true,"showFlares":true,"showImageEffects":true,"showParticleSystems":true,"showVisualEffectGraphs":true,"m_FxEnabled":true},"in2DMode":false,"pivot":{"x":14.321529388427735,"y":1.5930991172790528,"z":-10.50523567199707},"rotation":{"x":0.04516483470797539,"y":0.7119637727737427,"z":-0.04598594456911087,"w":0.6992595195770264},"size":18.825199127197267,"orthographic":false}